{"loss": [1.646178960800171, 1.1812926530838013], "accuracy": [0.44859999418258667, 0.594539999961853], "val_loss": [1.4696028232574463, 1.1724984645843506], "val_accuracy": [0.5081999897956848, 0.5929999947547913]}