{"loss": [1.6749756336212158, 1.1881026029586792, 0.993768036365509, 0.896306574344635, 0.8024988174438477, 0.7360306978225708, 0.691505491733551, 0.6413676738739014, 0.6017487645149231, 0.5655944347381592, 0.5343728065490723], "accuracy": [0.4435800015926361, 0.5910199880599976, 0.6562399864196777, 0.6910399794578552, 0.7190200090408325, 0.7402600049972534, 0.7569599747657776, 0.7752199769020081, 0.7856400012969971, 0.8019999861717224, 0.8126800060272217], "val_loss": [1.3054101467132568, 1.095216989517212, 0.9496972560882568, 0.8716115951538086, 0.7289016842842102, 1.1764241456985474, 0.6442340612411499, 0.7177062034606934, 0.6940068006515503, 0.608974814414978, 0.5914261341094971], "val_accuracy": [0.5440000295639038, 0.6309000253677368, 0.670199990272522, 0.6990000009536743, 0.7455999851226807, 0.6305999755859375, 0.7767000198364258, 0.7580999732017517, 0.7678999900817871, 0.7907000184059143, 0.796500027179718]}